<products>
    <product>
        <id>101</id>
        <category>cameras</category>
        <title>Беззеркальный фотоаппарат Canon EOS R5 Body</title>
        <description>Профессиональная беззеркальная камера с разрешением 45 Мп</description>
        <price>13000</price>
        <featured>true</featured>
        <stock>2</stock>
        <specs>
            <spec name="Разрешение">45 Мп</spec>
            <spec name="Матрица">Full Frame</spec>
        </specs>
        <image>https://imgproxy.onliner.by/NUidIWcGQhhnEY_JNMz8fdDymSlizjMLL2KHooOR_Yg/w:700/h:550/z:2/f:jpg/aHR0cHM6Ly9jb250/ZW50Lm9ubGluZXIu/YnkvY2F0YWxvZy9k/ZXZpY2UvbGFyZ2Uv/Yzg5NWY1ZDBhMGNm/YTBjZWFmZDdjMGU2/OGIxNzQ1OWEuanBl/Zw</image>
    </product>
    <product>
        <id>201</id>
        <category>televisors</category>
        <title>OLED телевизор Samsung OLED 4K S90D QE55S90DAUXRU</title>
        <price>4999</price>
        <featured>true</featured>
        <stock>2</stock>
        <image>https://imgproxy.onliner.by/CmW2LwxoQMvLfqV8aKDEPDTtHtbslAFWiyhEFB5Frqg/w:700/h:550/z:2/f:jpg/aHR0cHM6Ly9jb250/ZW50Lm9ubGluZXIu/YnkvY2F0YWxvZy9k/ZXZpY2UvbGFyZ2Uv/YzRiMWNiNjJhZTgz/MGUwODg5Zjc4NzE5/YzQ1NzNmYzUuanBn</image>
    </product>
    <product>
    <id>301</id>
    <category>headphones</category>
    <title>Наушники Sony WH-1000XM4 (белый)</title>
    <price>1844</price>
    <stock>10</stock>
    <image>https://imgproxy.onliner.by/KD42QL4EacAx0k1aK3E3p83-bOk3w9BJm3KAtydBm7Q/w:700/h:550/z:2/f:jpg/aHR0cHM6Ly9jb250/ZW50Lm9ubGluZXIu/YnkvY2F0YWxvZy9k/ZXZpY2UvbGFyZ2Uv/YjBkNjEzOGQxNmZk/MTA4NjExNTY2YTJj/OTA0YWY2ZjkuanBl/Zw</image>
</product>
<product>
    <id>302</id>
    <category>headphones</category>
    <title>Наушники Apple AirPods 4 (с активным шумоподавлением)</title>
    <price>679</price>
    <stock>35</stock>
    <featured>true</featured>
    <image>https://imgproxy.onliner.by/Bnq7jrL8KfzTIuPPXTpnWttbCJpHpbhxjTPfoNFKSlw/w:700/h:550/z:2/f:jpg/aHR0cHM6Ly9jb250/ZW50Lm9ubGluZXIu/YnkvY2F0YWxvZy9k/ZXZpY2UvbGFyZ2Uv/N2FiNmM5MGMyMjk3/MWRkMDNjZTY4NWI2/MzBlNTkxMmQuanBn</image>
</product>
<product>
    <id>401</id>
    <category>speakers</category>
    <title>JBL PartyBox 1000</title>
    <price>4690</price>
    <specs>
            <spec name="Мощность">45 Вват</spec>
    </specs>
    <stock>21</stock>
    <featured>true</featured>
    <image>https://imgproxy.onliner.by/y2pzYizlMNDWJIw1mzW1f4ZPTcZ45HtYiakU_JFl8v8/w:700/h:550/z:2/f:jpg/aHR0cHM6Ly9jb250/ZW50Lm9ubGluZXIu/YnkvY2F0YWxvZy9k/ZXZpY2UvbGFyZ2Uv/MDIyZTdkODk1ZjMx/MzA5MzIwZDE4YjFl/MDcwMmIwNTMuanBl/Zw</image>
</product>
<product>
    <id>402</id>
    <category>speakers</category>
    <title>Bose SoundLink Revolve+</title>
    <price>2239</price>
    <stock>10</stock>
    <image>https://imgproxy.onliner.by/0hyNdOKrKIdYIaKJOeOf4xY0y3RePZ9aA2INw9-oQFs/w:700/h:550/z:2/f:jpg/aHR0cHM6Ly9jb250/ZW50Lm9ubGluZXIu/YnkvY2F0YWxvZy9k/ZXZpY2UvbGFyZ2Uv/NWFkZmI1YmFkYjQw/OGE1NGNjOThhN2Vh/MGZiNmUxZDYuanBl/Zw</image>
</product>
</products>